,S,E,Ia,Is,R,Ihsub,Ihcrit,D,Htot,Dperday,NCperday,Hcumulative
2020-04-28,10439907.756392322,21039.330519155632,20778.912710952136,8451.305171073851,173214.69115476313,1038.360561616089,654.6434901154167,1022.9999999999997,1693.0040517315058,32.96543182074457,5025.993894815181,6984.261088773853
2020-04-29,10434881.762497507,20833.41674317085,21011.322965458312,8550.02756963717,178058.3952670724,1053.1348815795122,663.9746437524602,1055.9654318207438,1717.1095253319736,33.43138257314221,5074.975174631895,7178.872769225932
2020-04-30,10429806.787322877,20716.219795523004,21177.341645707027,8627.997022457823,182949.2740379857,1067.7159354439052,673.2674256120487,1089.3968143938864,1740.9833610559538,33.893597367921025,5117.007523349959,7375.6544773040805
2020-05-01,10424689.779799528,20662.05693602655,21300.505059642957,8692.204436741105,187875.78369255745,1081.9246588137617,682.4550049296988,1123.2904117618073,1764.3796637434605,34.3493701450856,5154.763530094862,7574.323565715053
2020-05-02,10419535.01626943,20653.2120335371,21397.110671014245,8747.392472139865,192830.47540463027,1095.6617060308818,691.4916613090027,1157.6397819068934,1787.1533673398844,34.796747071091865,5190.082350254559,7774.679514952403
2020-05-03,10414344.93391918,20677.53161616593,21478.326971875107,8796.765438473414,197808.77948793306,1108.8807234166854,700.3453139805601,1192.4365289779848,1809.2260373972456,35.234343973141755,5224.19652194626,7976.577259922943
2020-05-04,10409120.737397237,20726.659875739668,21551.763912174694,8842.505144569835,202808.10107340012,1121.5691126028116,708.9926113307251,1227.6708729511265,1830.5617239335368,35.66118631313845,5257.889015098576,8179.908509829438
2020-05-05,10403862.84838213,20794.71408074935,21622.677487557758,8886.148455719362,207827.12888485385,1133.7343690275416,717.4162806953664,1263.332059264265,1851.150649722908,36.07652049816586,5291.7346351096585,8384.589299626727
2020-05-06,10398571.11374702,20877.673463353014,21694.535080763497,8928.749966965306,212865.51599129397,1145.3985557831786,725.6046150557381,1299.4085797624302,1871.003170838916,36.47989496745396,5326.083001262431,8590.555586985833
2020-05-07,10393245.030745758,20972.703177079537,21769.65099646718,8971.065078225709,217923.5190124732,1156.5919057047865,733.5506095592923,1335.8884747298848,1890.1425152640784,36.871092814536865,5361.130821666213,8797.757964386801
2020-05-08,10387883.899924096,21077.685201387256,21849.635699743358,9013.676742344467,223001.74307138746,1167.3484019351392,741.2513915637359,1372.759567544422,1908.5997934988748,37.25000065212836,5397.107296076867,9006.158064203806
2020-05-09,10382486.792628016,21191.33048138859,21935.293313983882,9056.949534382007,228101.20821893038,1177.7076367753689,748.7086183258018,1410.0095681965504,1926.4162551011716,37.616862825527626,5434.053639731822,9215.730500949769
2020-05-10,10377052.73898829,21312.586001786312,22027.19782737919,9101.193453427906,233223.0210194448,1187.7089313291258,755.9273473251418,1447.6264310220777,1943.636278654267,37.97205282366655,5471.981902228587,9426.457745640591
2020-05-11,10371580.757086052,21440.539390352154,22125.79082667989,9146.686357114932,238368.32144252872,1197.390578192289,762.9158352294107,1485.598483845744,1960.3064134216995,38.315970739583705,5510.994074303626,9638.329511932492
2020-05-12,10366069.76301175,21574.70984548388,22231.10294379271,9193.582994891254,243538.4479640897,1206.7931009331544,769.6856844706238,1523.9144545853278,1976.4787854037784,38.6492127825856,5551.100340199888,9851.345319725238
2020-05-13,10360518.66267155,21714.75490429501,22343.03909632872,9241.998019165154,248734.77455408213,1215.9561903164595,776.2508968912433,1562.5636673679135,1992.207087207702,38.972647919747175,5592.258552344489,10065.511346183315
2020-05-14,10354926.40411921,21860.292129782087,22461.55988291496,9292.05208509105,253958.6114154139,1224.9169920972342,782.6270602040546,1601.5363152876605,2007.544052301289,39.28717825730293,5634.433827648896,10280.838624558954
2020-05-15,10349291.970291564,22010.92078145697,22586.660281008753,9343.86562255293,259211.2181383897,1233.7102794373618,788.8311120491238,1640.8234935449634,2022.5413914864853,39.59360164959275,5677.660080144224,10497.342925943496
2020-05-16,10343614.310211414,22166.449710990768,22718.144265225448,9397.492407883105,264493.9341750634,1242.3708388147274,794.8812954121156,1680.4170951945562,2037.252134226844,39.892613266582345,5721.935478728438,10715.046077382169
2020-05-17,10337892.374732688,22326.788959063633,22855.732414427133,9452.948646169549,269808.11521398503,1250.9326894097135,800.7976357963611,1720.3097084611386,2051.730325206075,40.18530779142817,5767.217585145643,10933.975585022905
2020-05-18,10332125.157147544,22491.79747142683,22999.211078027467,9510.25901408832,275155.0535858539,1259.4270172508247,806.5996695582801,1760.4950162525668,2066.026686809105,40.47280770279985,5813.464054515852,11154.161002154808
2020-05-19,10326311.693093026,22661.281890175684,23148.433460027627,9569.457197888383,280535.9781440971,1267.8821197916468,812.3062710384764,1800.9678239553666,2080.1883908301224,40.75623261777717,5860.633231943869,11375.633723539851
2020-05-20,10320451.059861084,22834.998431088712,23303.317694627796,9630.585545136391,285952.0553629184,1276.3234193877693,817.9356291858372,1841.724056573144,2094.259048573606,41.036416504198904,5908.727008001555,11598.426949904473
2020-05-21,10314542.33285308,23012.792987269877,23463.705433712188,9693.658300520856,291404.4696107045,1284.77509900833,823.5052426264899,1882.7604730773428,2108.28034163482,41.31394881288485,5957.7435259946105,11822.575780894875
2020-05-22,10308584.589327086,23194.62794659917,23629.336505469808,9758.638673629268,296894.4372128506,1293.2615097391458,829.0344027359148,1924.0744218902273,2122.295912475061,41.589718885462354,6007.645117840008,12048.120867351961
2020-05-23,10302576.944209248,23380.430760508898,23799.996398896157,9825.494505204273,302423.1237725198,1301.8046997077224,834.5415131415813,1965.6641407756906,2136.346212849304,41.86463031622424,6058.400557590981,12275.103685719694
2020-05-24,10296518.543651652,23570.100705583794,23975.508007028173,9894.202446079338,307991.6491336237,1310.4241682774625,840.043116660673,2007.5287710919135,2150.467284938136,42.13958669946135,6109.978619300116,12503.564968753079
2020-05-25,10290408.565032354,23763.508883560997,24155.731626944267,9964.74795717874,313601.0873808221,1319.1368660476735,845.5538953000887,2049.6683577913755,2164.690761347761,42.41549162946379,6162.348077020472,12733.544705518116
2020-05-26,10284246.216955338,23960.498221330035,24340.564959764248,10037.125309517525,319252.4668395231,1327.9571948535593,851.0866702564402,2092.0838494208388,2179.043865109999,42.693183157096406,6215.483654687801,12965.082141391822
2020-05-27,10278030.733300647,24160.89893704781,24529.930483583048,10111.333628737315,324946.77679913194,1336.8972620435225,856.6525562319383,2134.777032577936,2193.549818275461,42.97266858839183,6269.408491157232,13198.215912275858
2020-05-28,10271761.324809492,24364.69292226357,24723.622804993945,10187.321909517983,330685.05357122514,1345.9704378546435,862.263843489217,2177.749701166328,2208.2342813438613,43.254728675824786,6324.036441279022,13432.98735497987
2020-05-29,10265437.28836821,24571.76621763825,24921.491423034244,10265.040699702004,336468.2877168061,1355.1883509050565,867.9327938618512,2221.0044298421526,2223.1211447669075,43.539947123409995,6379.33601784616,13669.439803562876
2020-05-30,10259057.952350363,24781.97774203586,25123.417731208978,10344.449878500807,342297.42719596304,1364.560667162214,873.6700577994358,2264.5443769655626,2238.2307249616497,43.8287245197975,6435.297595421346,13907.615227661985
2020-05-31,10252622.65475494,24995.207211236706,25329.280022196435,10425.509443129558,348173.3948960286,1374.0956990859183,879.4848718946796,2308.37310148536,2253.580570980597,44.12146145364068,6491.911548567172,14147.554187252035
2020-06-01,10246130.743206372,25211.35513793752,25538.953487848146,10508.179508807152,354097.08863158076,1383.8004056283264,885.3850588834027,2352.4945629390004,2269.185464511729,44.41855851358782,6549.168251845519,14389.29583264564
2020-06-02,10239581.574954526,25430.342831751317,25752.310219188843,10592.420308756196,360069.3811444425,1393.6803922339438,891.3770276445395,2396.9131214525887,2285.057419878483,44.720416288293706,6607.058079819083,14632.877904493147
2020-06-03,10232974.51687471,25652.11239920756,25969.21920641653,10678.192194203051,366091.12010368146,1403.7399108396291,897.4657732001358,2441.633537740881,2301.2056840397645,45.027434073674,6665.571688776435,14878.336733782668
2020-06-04,10226308.945185933,25876.627432017718,26189.545862079478,10765.455440375943,372163.1283544965,1413.9818694664182,903.6548838148186,2486.660971814556,2317.6367532812365,45.339232048791466,6724.809632344184,15125.707253118733
2020-06-05,10219584.135553593,26104.1706035503,26412.93012719913,10854.073921444033,378286.32558602653,1424.4130613230548,909.950943003226,2532.0002038633475,2334.3640043262812,45.65634933202207,6784.497695092919,15375.029613850582
2020-06-06,10212799.637858497,26334.50412618644,26639.32651621736,10944.019430079885,384461.461596296,1435.0354449528477,916.3584745747273,2577.6565531953697,2351.393919527576,45.97949472272907,6844.472369404243,15626.339908724409
2020-06-07,10205955.165489094,26567.053835817012,26868.922367530253,11035.356982487405,390689.1414223105,1445.8457578328726,922.8780970106852,2623.636047918097,2368.7238548435585,46.30858944543312,6904.789645381407,15879.667917125244
2020-06-08,10199050.375843713,26801.42022717944,27101.797300498994,11128.111581095018,396969.9980050626,1456.8417360207418,929.5106690678296,2669.944637363531,2386.352405088571,46.64355472465686,6965.505513127187,16135.043958353714
2020-06-09,10192084.870330583,27037.378453857607,27337.92321544985,11222.26821455563,403304.69218953134,1468.0221141546042,936.2572897782593,2716.588192088188,2404.2794039328633,46.984311784920905,7026.675962745153,16392.498891626026
2020-06-10,10185058.194367845,27274.87832828192,27577.16429367417,11317.771857746655,409693.91272468213,1479.3866254531472,943.1192984494397,2763.5725038731093,2422.505923902587,47.33078185074352,7088.356984337014,16652.06411607403
2020-06-11,10177969.837383503,27514.04432172928,27819.276997428384,11414.527471769992,416138.3762634663,1490.9360017155939,950.0982746642056,2810.903285723853,2441.0342763797985,47.682886146653395,7150.604568007529,16913.771570745106
2020-06-12,10170819.232815497,27755.17556432309,28063.910069934005,11512.40000395206,422638.82736282295,1502.6719733217035,957.1960382807596,2858.5861718705073,2459.868011602464,48.04054589715991,7213.4747038576625,17177.653734602292
2020-06-13,10163605.758111637,27998.745845033252,28310.604535377584,11611.214387843753,429196.0384836761,1514.5972692317762,964.414649432671,2906.6267177676673,2479.011918664448,48.40332245952798,7277.172548090015,17443.743626524167
2020-06-14,10156328.58556355,28245.77203875446,28558.53786249442,11710.649230420548,435810.94544383854,1526.72029256267,971.7595281547916,2955.030040227194,2498.4798207174617,48.7708100540534,7341.654189237114,17712.080836179586
2020-06-15,10148986.931374308,28497.323367485766,28806.794334547587,11810.321615844363,442484.5357956479,1539.053027278122,979.2396346050978,3003.800850281248,2518.29266188322,49.145940528423566,7405.383603030045,17982.71040081661
2020-06-16,10141581.547771277,28750.880494233174,29056.86822188342,11910.817688213037,449216.53433162224,1551.5664127062162,986.838289252172,3052.946790809672,2538.4047019583872,49.52836989723536,7468.502956619205,18255.62563871537
2020-06-17,10134113.04481466,29004.30039406937,29310.01253942839,12012.631000403098,456006.7607768799,1564.2347610825987,994.5405527689253,3102.475160706906,2558.775313851523,49.917358078793924,7531.340257134571,18530.823018248684
2020-06-18,10126581.704557523,29256.26347932683,29566.935287952783,12116.038925918145,462855.28758864704,1577.0410404774575,1002.3366013658356,3152.392518785701,2579.377641843293,50.31216499140591,7594.223511706632,18808.308815857814
2020-06-19,10118987.481045818,29506.27359959781,29827.799454070748,12221.102658888829,469762.4399562596,1589.9768747955206,1010.2217267909441,3202.704683777105,2600.1986015864645,50.71205055337457,7657.480727465043,19088.09911605252
2020-06-20,10111330.000318354,29754.65804173437,30092.22301024032,12327.667214072842,476728.7958011615,1603.0425437760543,1018.1963363298556,3253.416734330481,2621.238880105911,51.1162746830075,7721.439911539928,19370.21981141092
2020-06-21,10103608.560406813,30002.56752984837,30359.278914763345,12435.361426854954,483755.18577690655,1616.2469829928662,1026.2659528057418,3304.533009013488,2642.512935798608,51.52409729860982,7786.429071061451,19654.70660257968
2020-06-22,10095822.131335752,30251.976225311402,30627.49511178561,12543.59795324698,490842.69326915685,1629.6077838542997,1034.441214579337,3356.057106312099,2664.0489984336373,51.9347783184867,7852.776213159452,19941.604998273866
2020-06-23,10087969.355122594,30505.681726754923,30894.854531296718,12651.573269887802,497992.65439568396,1643.151193603239,1042.737875548942,3407.9918846305845,2685.889069152181,52.347071792470295,7921.012933788443,20230.970315276998
2020-06-24,10080048.34218881,30767.814618872948,31158.435138488854,12758.117800510538,505206.85134001024,1656.9188053037628,1051.1811515850936,3460.3389564230547,2708.0999568888565,52.761265030469616,7990.474991823629,20522.876135533203
2020-06-25,10072057.86719698,31041.156832732948,31416.10627498364,12862.3448791596,512486.6893571604,1670.9430302295432,1059.7922072986094,3513.1002214535247,2730.735237528153,53.18713580563879,8056.2976626978725,20817.384840888433
2020-06-26,10064001.56953428,31316.829668463277,31673.68580663476,12966.593841856902,519829.4089032173,1685.118623896317,1068.5062643883198,3566.2873572591634,2753.624888284638,53.62362115940872,8118.990504184863,21114.386144397424
2020-06-27,10055882.579030098,31587.19691142509,31936.174166254736,13072.88112394018,527232.6382584388,1699.3533163562988,1077.2662150672732,3619.9109784185716,2776.619531423572,54.06794377842914,8179.850328102223,21413.78474279686
2020-06-28,10047702.728701998,31847.78264065431,32206.433048717565,13182.359791189312,534695.0883038847,1713.5911894657156,1086.0374018946336,3673.978922197002,2799.628591360349,54.51732634934701,8240.173946267261,21715.52960547243
2020-06-29,10039462.554755727,32097.271228861715,32485.185410958573,13295.319539826365,542216.5525214172,1727.8126768848115,1094.8076177756777,3728.496248546349,2822.620294660488,54.968991558809265,8301.258170497245,22019.613974458916
2020-06-30,10031161.29658523,32337.50734243284,32771.015471974526,13411.186696515548,549797.9069937003,1742.0345640778414,1103.5871059617957,3783.4652401051576,2845.6216700396367,55.42016209346372,8364.399812609472,22326.0753644401
2020-07-01,10022796.896772623,32573.49594142803,33060.36871282357,13528.524218363224,557441.1104042003,1756.3099883130785,1112.4085600504927,3838.8854021986213,2868.7185483635712,55.86806063996429,8430.89568442198,22634.995562748838
2020-07-02,10014366.001088198,32813.402279582435,33347.55187662524,13645.031692917959,565149.204037187,1770.7284386628098,1121.3271239853884,3894.753462838585,2892.0555626481987,56.30990988495015,8502.042597751406,22946.500629367027
2020-07-03,10005863.95849045,33068.551904306005,33624.7329685605,13757.545338170445,572926.3117777307,1785.4157560033352,1130.4203920562147,3951.063372723536,2915.8361480595504,56.74556825077475,8577.562032402388,23260.760896925593
2020-07-04,9997286.396458048,33349.753195142424,33884.36595346299,13863.001488864187,580776.4140085003,1800.4950327466502,1139.7649222622715,4007.808940974311,2940.2599550089217,57.194526729441634,8647.4534245772,23577.942471450944
2020-07-05,9988638.943033472,33643.950110005564,34135.05839459792,13964.860971166096,588695.1034129795,1815.8138006002432,1149.266809477211,4065.003467703752,2965.0806100774553,57.66284113006361,8709.218473904039,23897.86756444001
2020-07-06,9979929.724559564,33931.90370030563,34389.79184130121,14068.397369393078,596675.5979362119,1831.1383972178892,1158.7798871708342,4122.6663088338155,2989.9182843887224,58.144145068842384,8765.79862929364,24220.255872184443
2020-07-07,9971163.925930277,34201.53234871805,34656.66020274743,14176.899423851271,604713.6406971461,1846.3200046500815,1168.210938712399,4180.81045390266,3014.53094336248,58.63197096576943,8820.157679718479,24544.93176124959
2020-07-08,9962343.76825055,34447.97626146937,34938.818262464265,14291.648315684324,612807.5301905362,1861.2958003891627,1177.5204940346987,4239.44242486843,3038.8162944238625,59.11985124083608,8875.259414150616,24871.82572009187
2020-07-09,9953468.508836403,34673.59746833722,35234.48167833236,14411.917666873389,620958.1202869413,1876.088957369329,1186.7228296340613,4298.562276109264,3062.8117870033907,59.60131831403442,8934.06762156288,25200.97435905879
2020-07-10,9944534.44121484,34887.97982265036,35536.92698258555,14534.973540237117,629168.8202327262,1890.80864396662,1195.8859685703485,4358.163594423297,3086.6946125369673,60.06990460535375,8999.546090926997,25532.520410388952
2020-07-11,9935534.895123914,35107.92900128861,35834.49158181065,14656.074439431675,637445.5946500613,1905.650023998928,1205.131680466954,4418.233499028652,3110.781704465882,60.51914253478962,9074.658611215842,25866.712728212002
2020-07-12,9926460.236512698,35357.472504682926,36110.5737569476,14768.471308950733,645796.9635369211,1920.894256725996,1214.635481510808,4478.752641563442,3135.5297382368035,60.961914671938715,9152.949111300191,26203.90628854873
2020-07-13,9917307.287401397,35645.19390132027,36359.06566036937,14869.669133994546,654225.9676071282,1936.6415004627072,1224.4602390924256,4539.71455623538,3161.1017395551316,61.433984918684686,9217.444803694423,26544.229676197985
2020-07-14,9908089.842597704,35938.65197124149,36601.97140347127,14968.611797918982,662720.9122928893,1952.5003376061775,1234.3610580158627,4601.148541154063,3186.861395622041,61.92506697780807,9273.22502744019,26887.198040219613
2020-07-15,9898816.61757026,36217.599091983786,36853.05704061794,15070.912249400188,671274.3401618882,1968.2200406448899,1244.1802370706853,4663.073608131872,3212.400277715576,62.42667646715486,9324.076376438199,27232.50062020424
2020-07-16,9889492.541193826,36471.05306156272,37119.712091426234,15179.583241692828,679882.1172535983,1983.6622263108638,1253.8306469856973,4725.500284599026,3237.4928732965614,62.93037551508347,9373.762108189341,27579.96560228848
2020-07-17,9880118.779085636,36697.24125302472,37402.987343817316,15295.05262939209,688543.4134913868,1998.800208023014,1263.2953286070485,4788.430660114112,3262.0955366300627,63.42772624995125,9426.045480194323,27929.559312969493
2020-07-18,9870692.73360544,36903.60061444725,37697.59485401679,15415.16336843368,697260.702682512,2013.7189958871475,1272.627492898235,4851.8583863640615,3286.3464887853834,63.91029080011603,9484.689749954056,28281.386219104912
2020-07-19,9861208.043855488,37106.777668938616,37991.907946554704,15535.17351609382,706039.7625181263,2028.6152966959664,1281.9505209400995,4915.768677164179,3310.565817636066,64.3696312939407,9553.45817497,28635.688927912863
2020-07-20,9851654.585680516,37332.62851463808,38267.96121426543,15647.756230989255,714889.6745732725,2043.797513929065,1291.457963930832,4980.138308458121,3335.255477859897,64.812082808805,9629.246784239202,28992.848186972016
2020-07-21,9842025.338896278,37599.56726259422,38512.88026210214,15747.657422316484,723816.8332730918,2059.484949007825,1301.2875433429833,5044.950391266923,3360.772492350808,65.28400546950897,9690.607080490272,29353.13274658649
2020-07-22,9832334.731815787,37873.94294350973,38749.61590136038,15844.232902423799,732808.7962462351,2075.2654873239103,1311.1803066235507,5110.234396736434,3386.4457939474605,65.77281834972689,9743.434854327656,29716.023682041407
2020-07-23,9822591.29696146,38136.36832758005,38991.39676570788,15942.884876809092,741858.1663770364,2090.896295992594,1320.9831803285253,5176.007215086162,3411.879476321119,66.26988858937243,9791.519486172438,30081.21182982561
2020-07-24,9812799.77747529,38376.75643467113,39245.029464904044,16046.393296567061,750960.9031878355,2106.248322733334,1330.6147143265355,5242.277103675532,3436.8630370598707,66.76770168598937,9838.124225150015,30448.52874783701
2020-07-25,9802961.65325014,38593.04812779911,39511.76949283313,16155.270445255775,760115.8672958511,2121.2910527610375,1340.0555300011251,5309.044805361523,3461.346582762163,67.25874313712507,9886.512320385797,30817.927729241586
2020-07-26,9793075.140929753,38791.21211313005,39787.321227504224,16267.76093889676,769324.8204131824,2136.0925087860614,1349.3483202507566,5376.3035484986485,3485.4408290368183,67.73549844032163,9939.947021004577,31189.483802473387
2020-07-27,9783135.193908744,38985.24493998013,40061.83793105127,16379.8417259749,778592.4253468051,2150.8192510142103,1358.597849488803,5444.0390469389695,3509.4171005030144,68.19045309313307,10001.691576132816,31563.393731234497
2020-07-28,9773133.502332617,39197.17100081559,40319.92174973316,16485.222087438528,787926.2459985765,2165.736377146743,1367.9709536435573,5512.229500032102,3533.7073307903,68.63159706122971,10067.986462449562,31939.97601449508
2020-07-29,9763065.515870163,39439.92988788764,40552.43100380088,16580.16513953636,797330.5337361303,2180.9983807722447,1377.5648846146958,5580.861097093332,3558.563265386941,69.09598005253996,10122.070354764848,32319.410374694664
2020-07-30,9752943.4455154,39685.592296708215,40778.48766040669,16672.480850146352,806794.6179365246,2196.257915260388,1387.160748408476,5649.957077145874,3583.4186636688646,69.57104857545734,10169.5971597477,32701.25032793992
2020-07-31,9742773.84835565,39920.008690138005,41007.74795156173,16766.11706345834,816312.7706071503,2211.3345923230177,1396.6446139954792,5719.528125721329,3607.979206318496,70.05036018919827,10213.3104617631,33085.25627231619
2020-08-01,9732560.537893888,40135.80552937801,41245.16751904853,16863.09972224502,825881.723566222,2226.131852092919,1405.9554312142805,5789.578485910529,3632.087283307197,70.52800705513941,10255.70982068214,33471.29201720556
2020-08-02,9722304.82807321,40331.791819976206,41491.409991293396,16963.699636299316,835500.4537547295,2240.6297427521727,1415.0804887773295,5860.106492965667,3655.7102315295033,70.99808133466023,10299.294796375076,33859.31579047948
2020-08-03,9712005.533276835,40512.959111827455,41742.84698336654,17066.432482434437,845170.1832364367,2254.884920532173,1424.0554142709525,5931.10457430033,3678.940334803125,71.45467518913274,10346.564948712365,34249.38023849843
2020-08-04,9701658.968328116,40690.48149917346,41991.55809698187,17168.05880448378,854894.3791978838,2269.0306497135994,1432.964174155346,6002.559249489458,3701.9948238689453,71.89188077994059,10400.019837565304,34641.632426112155
2020-08-05,9691258.948490553,40881.71562060285,42225.33092049732,17263.584013301002,864678.7539483845,2283.2768026264434,1441.9390737645865,6074.451130269401,3725.2158763910293,72.31767451227601,10455.983189977382,35036.31383665972
2020-08-06,9680802.965300577,41095.09413293074,42438.12639823519,17350.53681332068,874525.7418410198,2297.7234874531305,1451.0432216825063,6146.768804781676,3748.766709135637,72.75956091807191,10502.215462592469,35433.52827368948
2020-08-07,9670300.749837983,41309.09255203605,42644.71742331288,17434.957460033263,884426.7498021614,2312.099287800881,1460.105270972059,6219.528365699749,3772.20455877294,73.20792957346364,10542.935181737628,35832.9157724275
2020-08-08,9659757.814656246,41512.51834425217,42852.750480577975,17519.97438392817,894376.9129509436,2326.259300691937,1469.0335880867826,6292.736295273212,3795.29288877872,73.65775013622628,10580.230158823024,36234.27287727883
2020-08-09,9649177.584497422,41699.36294709372,43066.261123428885,17607.238474049314,904373.2581050169,2340.1233689426904,1477.7774386359656,6366.394045409438,3817.9008075786573,74.10417870519392,10616.104662767671,36637.475801258246
2020-08-10,9638561.479834652,41868.5978410841,43285.81491549554,17696.980678534892,914414.6295206628,2353.6735766393367,1486.3254088132792,6440.498224114633,3839.998985452616,74.54237137920373,10652.5629624912,37042.477307516914
2020-08-11,9627908.916872166,42024.174549755386,43508.50743063959,17788.012004617405,924501.6888927949,2366.9542491378784,1494.705405396776,6515.040595493835,3861.6596545346547,74.96748425709002,10691.60932691245,37449.30670934238
2020-08-12,9617217.30754525,42175.02463964835,43727.96425295432,17877.723518623654,934636.9153549578,2380.071953064123,1502.9846557488916,6590.008079750925,3883.0566088130126,75.37467343768907,10735.248024951015,37858.06987015864
2020-08-13,9606482.059520302,42335.059720312434,43934.340976764615,17962.086345974756,944824.6054793284,2393.1954963136795,1511.2697078164456,6665.3827531886145,3904.4652041301238,75.7678142328744,10781.661716174116,38268.94920352607
2020-08-14,9595700.397804128,42513.792445130755,44120.84332298839,18038.31912726653,955067.4245790131,2406.4393393561104,1519.6328146968515,6741.1505674214895,3926.0721540529626,76.1717121358329,10819.96355895422,38682.05852960203
2020-08-15,9584880.434245173,42694.000559087646,44299.31698360168,18111.26832248189,965358.1384657876,2419.5839260301937,1527.9352182814207,6817.322279557324,3947.5191443116137,76.58047860678742,10852.695927435489,39097.09480687362
2020-08-16,9574027.738317735,42864.69890892089,44477.31089789764,18184.02387966829,975691.7528064705,2432.486101972085,1536.0863291696635,6893.902758164108,3968.5724311417493,76.98935270043306,10881.812684699944,39513.849117698366
2020-08-17,9563145.925633034,43019.763296336205,44658.977071826164,18258.28520150025,986065.0585790076,2445.063879056115,1544.0342283718694,6970.892110864544,3989.0981074279853,77.39394367443876,10909.10387374681,39932.18780719254
2020-08-18,9552236.821759287,43157.529570749386,44845.348343063386,18334.474746819487,996476.4855010492,2457.2914825019448,1551.7625419875992,7048.286054538983,4009.054024489545,77.78986078647057,10936.359537575285,40352.046318959256
2020-08-19,9541300.462221716,43280.793629286316,45034.33838101143,18411.738030634788,1006926.1020299469,2469.1993508745795,1559.2904412056855,7126.075915325451,4028.4897920802655,78.17271329419371,10965.36971918359,40773.42919508855
2020-08-20,9530335.092502527,43396.811416782766,45220.74168679857,18487.943624122086,1017415.6153627572,2480.8741360843537,1566.6726423042362,7204.2486286196445,4047.546778388589,78.53811045528522,10997.924461572571,41196.41007615728
2020-08-21,9519337.168040955,43517.298925784686,45396.23359327921,18559.68315462436,1027948.3714362406,2492.4587033869416,1573.9994066506297,7282.786739074929,4066.458110037572,78.88485355347801,11034.432521659863,41621.1317012293
2020-08-22,9508302.735519296,43655.032340341364,45551.740867058455,18623.241617308788,1038528.0988000523,2504.109600545678,1581.3696627659576,7361.67159262841,4085.479263311636,79.23586461799151,11064.953296184043,42047.75298608426
2020-08-23,9497237.782223117,43798.30726080477,45695.30638419418,18681.910763856762,1049149.4222430463,2515.675786061597,1588.6878816753886,7440.9074572464015,4104.363667736985,79.59236887272813,11088.96916828228,42476.049177254514
2020-08-24,9486148.81305483,43934.10353322299,45835.95660655989,18739.38628218655,1059806.4060352251,2526.987842076048,1595.8468197776597,7520.499826119128,4122.834661853709,79.94884045459551,11108.757515962328,42905.77173093244
2020-08-25,9475040.05553887,44055.05853635216,45978.757569221045,18797.742392130494,1070495.2050290187,2537.947827266953,1602.7844405670394,7600.448666573723,4140.732267833993,80.30093574674073,11126.075695195168,43336.76026878983
2020-08-26,9463913.97984367,44158.193526249765,46125.697548862,18857.79301428791,1081213.5989849074,2548.51351617727,1609.4739635202075,7680.749602320468,4157.987479697478,80.64431113231335,11142.68106195116,43768.92297592383
2020-08-27,9452771.298781725,44244.91363627463,46275.687063786034,18919.091770025112,1091960.9925714259,2558.698399215005,1615.923864096253,7761.393913452778,4174.6222633112575,80.97462299445647,11160.330972200645,44202.23660085704
2020-08-28,9441610.967809526,44321.00787708698,46424.558873915244,18979.931981475413,1102738.4153651616,2568.5716826532057,1622.1778737366767,7842.368536447237,4190.749556389883,81.28752771632384,11180.782781914868,44636.746455537555
2020-08-29,9430430.18502761,44396.649136648426,46565.067980790685,19037.346671539122,1113548.5218507543,2578.258288629966,1628.3149798653906,7923.65606416356,4206.573268495357,81.57891349991492,11205.69461611491,45072.566415338864
2020-08-30,9419224.490411496,44486.14935699311,46687.06273464568,19087.178623122876,1124395.5006395224,2587.935777125515,1634.4474794334144,8005.234977663474,4222.383256558929,81.86365140118853,11228.665673603742,45509.87509144235
2020-08-31,9407995.824737893,44588.02524811943,46791.46104837632,19129.803226368997,1135277.6431801321,2597.58235830434,1640.561571744796,8087.098629064661,4238.1439300491365,82.15579996697824,11243.767855553115,45948.60242161117
2020-09-01,9396752.056882337,44686.06711726377,46889.583433371634,19169.85599282605,1146187.670053453,2606.9878844253385,1646.5242072917374,8169.254429031641,4253.512091717076,82.44873649204605,11253.759249495713,46388.44327773991
2020-09-02,9385498.29763284,44770.895140672816,46987.9736465296,19210.016563493635,1157120.828556705,2616.028423771016,1652.2568704630621,8251.703165523686,4268.285294234078,82.73796424963606,11260.452375429517,46829.199101944134
2020-09-03,9374237.845257416,44837.65350338093,47089.98638414402,19251.65860553012,1168074.0593582415,2624.638013470553,1657.7177480481396,8334.441129773322,4282.355761518692,83.01898651299332,11265.659753352933,47270.74281564287
2020-09-04,9362972.185504062,44886.010399210085,47195.78728190467,19294.849812252756,1179045.9964975512,2632.8086594998013,1662.9017292368835,8417.460116286316,4295.710388736686,83.2873065553617,11271.193903264555,47713.018819558514
2020-09-05,9351700.991600797,44920.158030769824,47302.352914897165,19338.351903137554,1190036.9673852592,2640.590336681289,1667.8404056197558,8500.747422841676,4308.430742301043,83.53842764998001,11278.867345161874,48156.042993716976
2020-09-06,9340422.124255633,44948.81260945732,47403.470797603164,19379.62062381941,1201048.992803124,2648.0909886842137,1672.6020711877607,8584.285850491657,4320.6930598719755,83.76785307010216,11290.492599044597,48599.9026974475
2020-09-07,9329131.63165659,44985.214355457385,47489.73938390008,19414.805746092006,1212085.7869040442,2655.476528024452,1677.2917223324494,8668.053703561762,4332.768250356901,83.9781005169178,11304.940661267306,49044.75676938278
2020-09-08,9317826.69099532,45039.83063283464,47553.69970629464,19440.85262789184,1223150.0238675298,2662.8780414098387,1681.9923246404373,8752.031804078675,4344.870366050274,84.19471476541229,11311.535375241765,49490.720194288115
2020-09-09,9306515.155620078,45096.58626149775,47606.62502976882,19462.377815536318,1234234.369431728,2670.087302853332,1686.5720196932766,8836.226518844092,4356.659322546609,84.4140714144007,11311.825625929918,49937.485616750586
2020-09-10,9295203.329994148,45143.193574801415,47657.180370439484,19482.929538033422,1245332.8546031837,2676.9428375404714,1690.928491594329,8920.640590258488,4367.871329134799,84.63099069023022,11307.90521951631,50384.80326158807
2020-09-11,9283895.424774634,45172.58828805028,47710.337453222266,19504.543634899543,1256441.4817435043,2683.3504741531315,1695.0020505891916,9005.271580948718,4378.352524742321,84.84079160538131,11301.656096762112,50832.50657157647
2020-09-12,9272593.768677868,45182.40605894168,47767.74096771921,19527.893555852523,1267558.0301648516,2689.2767447536003,1698.7714574576366,9090.112372554107,4388.048202211234,85.03879317233374,11294.960198430404,51280.50400616038
2020-09-13,9261298.80847944,45174.98248756541,47827.70856821874,19552.290360811712,1278682.05612994,2694.7488847845616,1702.2539235136112,9175.15116572644,4397.0028082981735,85.2203144035681,11289.699465282742,51728.77904145302
2020-09-14,9250009.10901416,45157.353116403836,47885.230873695684,19575.68271989796,1289814.8928520412,2699.854833069108,1705.5051106052392,9260.371480130003,4405.359943674347,85.3806743115628,11287.75583808134,52177.39017023617
2020-09-15,9238721.353176074,45141.25343033191,47931.97146781128,19594.65691343356,1300959.6504949806,2704.743231810735,1708.6191311148211,9345.752154441569,4413.362362925554,85.5161084002202,11290.631337284402,52626.47090196024
2020-09-16,9227430.721838793,45142.17388086333,47956.933402517236,19604.7097977828,1312120.8605794893,2709.6113418811424,1711.7208958335586,9431.268262841788,4421.3322377147015,85.64754079626219,11289.670652261653,53076.214753745466
2020-09-17,9216141.05118653,45154.033784765976,47964.375173574685,19607.585620101218,1323294.89885624,2714.379583896268,1714.7599912546611,9516.915803638049,4429.13957515093,85.78529194845143,11280.712845528577,53526.47101359534
2020-09-18,9204860.338340996,45160.28066337413,47966.04569308186,19608.095105768865,1334474.108152862,2718.8316166453883,1717.599331680266,9602.7010955865,4436.430948325655,85.92223930000858,11266.669852747707,53976.91875308856
2020-09-19,9193593.668488257,45151.608826602576,47968.572628505935,19608.951807576075,1345653.5696601123,2722.844357380173,1720.1608966825986,9688.623334886504,4443.005254062769,86.053594232815,11249.462190726616,54427.35263458598
2020-09-20,9182344.206297526,45123.51255981658,47975.171221046614,19611.47216165829,1356830.1973835218,2726.357196739051,1722.4062505715383,9774.676929119323,4448.763447310589,86.17456812875004,11231.010376272963,54877.644690197565
2020-09-21,9171113.195921253,45076.286123831436,47985.64428563631,19615.57548749594,1368002.738143393,2729.3719987472127,1724.3365423946232,9860.851497248077,4453.708541141834,86.28037236969429,11213.234926193983,55327.74432178258
2020-09-22,9159899.960995063,45015.02375491288,47996.38221094008,19619.783987914576,1379171.7715748015,2731.9531008166073,1725.9925059370416,9947.131869617766,4457.945606753649,86.36621833752777,11198.056357297062,55777.6783009494
2020-09-23,9148701.90463776,44949.61966477684,48000.362959355596,19621.22274908474,1390339.710127598,2734.2273137459465,1727.4544597216398,10033.4980879553,4461.681773467586,86.42731741414005,11187.395186391112,56227.55076905551
2020-09-24,9137514.50945137,44894.76804058933,47987.152067013274,19615.619740522074,1401510.7990664046,2736.3839217206987,1728.8423070089193,10119.92540536944,4465.226228729617,86.47667901590492,11175.981870960506,56677.54323720777
2020-09-25,9126338.52758041,44851.94726067881,47955.72093903051,19602.55387156887,1412684.240071067,2738.440829131147,1730.1673637276185,10206.402084385341,4468.608192858767,0.0,0.0,57127.62433847023
